track_id,album_id,played_at
4MDwdymY1PVqtqNWW90ZKP,2rC9jE6RZDJWKVjFri150t,10-11-2025 22:42:32
1bQnuMT0FVMZ0LaLhVqLLZ,4LadyqDNHqCi9z6FdQqUv8,10-11-2025 22:38:54
37ImU56QU0sCl7yjskQHnK,1BAt4rK4e85Hl8WvGi3s7p,10-11-2025 22:35:44
3hnRCIHz9yoPyfUdKAfkN0,1BAt4rK4e85Hl8WvGi3s7p,10-11-2025 22:33:08
4QM9lE7i7mlhuQwZGuaUPN,2pX6WzKzFvpjlLxVf10skl,10-11-2025 21:37:02
6OyJOHD6LQzQPvMDHlG6Q7,2uIQMcdA5QvwoeuPFJA57w,10-11-2025 21:31:35
2CX8FuELmOtyMIpVxjr11U,2GovH4N7ZusaIJkaLzvfJ9,10-11-2025 21:27:49
5jHIDfyRA29jnelfWFtXOy,5H8qcUCkZ6DZa22ZoRjYa9,10-11-2025 18:07:43
1wG0HYACxdu3Kdz3mI4ca6,1wmnEWgcDdCcOujQpLwYxc,10-11-2025 18:04:11
3ukrFH17Zl6iEZ2QJ1Zwiy,2gaxwzgOYY6DxVicv6EGkC,10-11-2025 17:59:10
6BrkVzB76maKNqcryCmd1c,5RqSAt1rbN0shxXTcZkWRs,10-11-2025 17:56:30
6rjuKpPydT2SxN15TZpV7r,4EURMuWFiLLRmQYoH5cgiE,10-11-2025 17:52:34
6u8hSdYZxbK5EczDPRIXXf,0YFou4SbS16F4GhSADLDfz,09-11-2025 17:36:17
1mCA6ZasOlv1MOD16f0VhL,1wCr7zhB4lMa2vZVhu4ty6,09-11-2025 17:32:56
7yFy1mdIzML1zWUCtN3Gng,7aObAFaIOcczMSDnfXz5z6,09-11-2025 17:29:48
4KW1lqgSr8TKrvBII0Brf8,7gsWAHLeT0w7es6FofOXk1,09-11-2025 17:27:06
6A4hgJdwriera4WSUl4moW,6lJqLqRmWGmsw8aLEoSlZ9,09-11-2025 17:24:11
6gi6y1xwmVszDWkUqab1qw,1Sf8GsXG32t0jNrX11xqWx,09-11-2025 17:21:47
4cg1yakyRSIOjxKM2I7J1q,2z4c8M8aVzl7CTobIp36KF,09-11-2025 17:18:28
4cg1yakyRSIOjxKM2I7J1q,2z4c8M8aVzl7CTobIp36KF,09-11-2025 17:18:07
6dbSBQXCctYSVryynHXaZ4,4CaoXfwBemXYSLxhS9FyXM,08-11-2025 19:44:34
4gtZjfZN7FBrF562pv0K4f,0E3nVyJnesYyyr9GQAJqZl,08-11-2025 19:40:57
4VXIryQMWpIdGgYR4TrjT1,6tkjU4Umpo79wwkgPMV3nZ,08-11-2025 19:12:02
78QR3Wp35dqAhFEc2qAGjE,2yXnY2NiaZk9QiJJittS81,08-11-2025 19:09:10
6DCZcSspjsKoFjzjrWoCdn,1ATL5GLyefJaxhQzSPVrLX,08-11-2025 19:06:44
41rJiBRAhWgecn1XecIk1u,32Nl5aBViAMfIQgqPLHoCc,08-11-2025 19:02:34
6FuGJB290AQMAHTfjOYVaK,4PTxbJPI4jj0Kx8hwr1v0T,08-11-2025 18:59:07
5MPwGXpwaWqUwBKW732nq6,7iHlG3Web41ORrdr52oWBn,08-11-2025 18:53:38
1wG0HYACxdu3Kdz3mI4ca6,1wmnEWgcDdCcOujQpLwYxc,07-11-2025 15:37:43
0BtPtf75Zohf2ngJeizu53,7jv2Nt0w8iDUaSuwM7XqTU,07-11-2025 15:32:43
37ImU56QU0sCl7yjskQHnK,1BAt4rK4e85Hl8WvGi3s7p,07-11-2025 15:29:09
5g0NT9ktefpZTgGCLSheYI,5bqpW6RbJ6ZRVfufnvIeCZ,07-11-2025 15:25:48
5g0NT9ktefpZTgGCLSheYI,5bqpW6RbJ6ZRVfufnvIeCZ,07-11-2025 15:25:09
7ufbV6nXTYcOBR8p7Qk9WG,6OoSAzYB4debGe98r4pMaL,05-11-2025 09:21:47
3CjeDMzL35p8ioIBZwPlii,7elvdySQbQhXsQmrXhXP71,05-11-2025 09:17:18
3hnRCIHz9yoPyfUdKAfkN0,1BAt4rK4e85Hl8WvGi3s7p,05-11-2025 09:14:03
7M7mWtzdWwmZVXYH2FFo0V,2GKtP6VgMgssm6suE3mxUU,05-11-2025 09:10:23
28bxbqNcAuNxYDZYet6eZ7,1vi1WySkgPGkbR8NnQzlXu,05-11-2025 09:06:08
5qz0KKGT5yiXI1rs2Cssgg,5wxL3eNFSRupI3VMFRhBxK,05-11-2025 09:02:50
5qz0KKGT5yiXI1rs2Cssgg,5wxL3eNFSRupI3VMFRhBxK,05-11-2025 09:02:13
38MI5LpTajiO3A0DQGcCmu,1vi1WySkgPGkbR8NnQzlXu,04-11-2025 14:54:50
6q42pV3CoQm2NpgMaltOhg,3mnWnKEch6BpQrOlqagSuB,04-11-2025 14:49:55
2FocETJ2BjvBioo9PsIkpv,4mkkPbBziN1HNxbwasniph,04-11-2025 14:46:08
2vQ2BhEAC1OP5t98Dg1i1L,4XTQ4Gtb7ufWkayCds9iRh,04-11-2025 14:43:09
4br9EerdxCl7n0me6PLPQL,7t4Jb2f9V8gCd8RrtUanMq,04-11-2025 14:40:14
7fNHfgOxPLcg4mQLhCnOHB,3ULu7EK5sl1zUdx2r7D15E,02-11-2025 17:00:22
2PxdyAz13mYz5enENzzVzh,3QUzp6HPBB0mM6RUyJAaeS,02-11-2025 16:56:00
1yhuebMkk7NrGmbGn30dtS,6oWMQTB3bZOwqqBdkSYpyP,02-11-2025 16:53:19
3TBZ2VchMRulZU8SbJx0Sc,0Vroo2lvsi4jASGrBTyoxH,02-11-2025 16:49:43
6BrkVzB76maKNqcryCmd1c,5RqSAt1rbN0shxXTcZkWRs,02-11-2025 16:45:19
